file_name,NOSE_x,NOSE_y,NOSE_score,LEFT_EYE_x,LEFT_EYE_y,LEFT_EYE_score,RIGHT_EYE_x,RIGHT_EYE_y,RIGHT_EYE_score,LEFT_EAR_x,LEFT_EAR_y,LEFT_EAR_score,RIGHT_EAR_x,RIGHT_EAR_y,RIGHT_EAR_score,LEFT_SHOULDER_x,LEFT_SHOULDER_y,LEFT_SHOULDER_score,RIGHT_SHOULDER_x,RIGHT_SHOULDER_y,RIGHT_SHOULDER_score,LEFT_ELBOW_x,LEFT_ELBOW_y,LEFT_ELBOW_score,RIGHT_ELBOW_x,RIGHT_ELBOW_y,RIGHT_ELBOW_score,LEFT_WRIST_x,LEFT_WRIST_y,LEFT_WRIST_score,RIGHT_WRIST_x,RIGHT_WRIST_y,RIGHT_WRIST_score,LEFT_HIP_x,LEFT_HIP_y,LEFT_HIP_score,RIGHT_HIP_x,RIGHT_HIP_y,RIGHT_HIP_score,LEFT_KNEE_x,LEFT_KNEE_y,LEFT_KNEE_score,RIGHT_KNEE_x,RIGHT_KNEE_y,RIGHT_KNEE_score,LEFT_ANKLE_x,LEFT_ANKLE_y,LEFT_ANKLE_score,RIGHT_ANKLE_x,RIGHT_ANKLE_y,RIGHT_ANKLE_score,class_no,class_name
backward\WIN_20220116_15_44_12_Pro.jpg,442.0,238.0,0.5983975,450.0,232.0,0.6286013,432.0,231.0,0.5519619,456.0,241.0,0.72506803,415.0,240.0,0.7368685,477.0,280.0,0.80612075,394.0,280.0,0.7757743,496.0,226.0,0.5880381,385.0,222.0,0.72329915,500.0,157.0,0.6388836,397.0,157.0,0.83694476,470.0,407.0,0.91660905,412.0,410.0,0.6298853,492.0,522.0,0.91201997,420.0,532.0,0.8785516,478.0,636.0,0.81446093,421.0,638.0,0.6846014,0,backward
forward\guy3_chair070.jpg,150.0,101.0,0.6963366,155.0,96.0,0.8117418,145.0,96.0,0.7756407,163.0,97.0,0.77925014,140.0,97.0,0.58230853,172.0,112.0,0.80950147,133.0,115.0,0.6753044,185.0,80.0,0.7303533,119.0,82.0,0.6053111,183.0,51.0,0.3477447,116.0,49.0,0.38191488,164.0,190.0,0.85272014,139.0,190.0,0.6306374,156.0,247.0,0.83040226,136.0,245.0,0.71076775,158.0,284.0,0.77941597,141.0,282.0,0.8566091,1,forward
left\WIN_20220116_15_30_11_Pro.jpg,499.0,124.0,0.64484113,508.0,114.0,0.41321102,486.0,116.0,0.51021296,526.0,122.0,0.72990775,472.0,127.0,0.5892425,559.0,190.0,0.5764567,454.0,201.0,0.811846,645.0,197.0,0.45727363,439.0,287.0,0.44814366,727.0,192.0,0.49870345,444.0,371.0,0.579824,544.0,356.0,0.5473835,478.0,358.0,0.5928722,535.0,487.0,0.43732813,492.0,491.0,0.5451299,507.0,640.0,0.5263455,561.0,623.0,0.36090833,2,left
right\WIN_20220116_15_30_06_Pro.jpg,559.0,132.0,0.6825133,570.0,122.0,0.5671879,549.0,121.0,0.61817604,584.0,132.0,0.39221168,532.0,129.0,0.6959348,605.0,205.0,0.8042255,496.0,191.0,0.7162322,618.0,292.0,0.5591751,408.0,200.0,0.59767944,625.0,366.0,0.6472466,320.0,180.0,0.6444258,584.0,350.0,0.764902,514.0,353.0,0.5717234,580.0,485.0,0.6125591,517.0,490.0,0.6476498,611.0,635.0,0.20088825,536.0,634.0,0.47471717,3,right
